Fecha,BCV,Monitor,Max,Min
1/1/2018,,1.10,1.20,0.94
1/2/2018,,1.13,1.26,0.98
1/3/2018,,1.11,1.23,0.99
1/4/2018,,1.17,1.28,0.99
1/5/2018,,1.22,1.37,0.99
1/6/2018,,1.26,1.37,0.99
1/7/2018,,1.31,1.55,0.99
1/8/2018,,1.30,1.46,0.99
1/9/2018,,1.42,1.51,1.25
1/10/2018,,1.49,1.61,1.35
1/11/2018,,1.65,1.73,1.38
1/12/2018,,1.73,1.79,1.50
1/13/2018,,1.77,1.87,1.50
1/14/2018,,1.78,1.80,1.50
1/15/2018,,1.81,1.89,1.58
1/16/2018,,1.83,2.07,1.60
1/17/2018,,1.89,2.07,1.68
1/18/2018,,1.98,2.23,1.71
1/19/2018,,2.03,2.11,1.83
1/20/2018,,2.07,2.11,1.84
1/21/2018,,2.13,2.30,1.84
1/22/2018,,1.96,2.11,1.29
1/23/2018,,2.08,2.42,1.29
1/24/2018,,2.46,2.62,2.31
1/25/2018,,2.56,2.65,2.32
1/26/2018,,2.60,2.81,2.32
1/27/2018,,2.55,2.67,2.32
1/28/2018,,2.54,2.67,2.31
1/29/2018,,2.49,2.56,2.30
1/30/2018,,2.37,2.50,2.14
1/31/2018,,2.22,2.36,2.02
2/1/2018,,2.18,2.28,1.96
2/2/2018,,2.12,2.25,1.89
2/3/2018,,2.15,2.25,1.89
2/4/2018,,2.03,2.25,1.61
2/5/2018,,2.23,2.39,1.90
2/6/2018,,2.26,2.39,1.95
2/7/2018,,2.26,2.34,2.00
2/8/2018,,2.20,2.36,2.06
2/9/2018,,2.24,2.37,2.06
2/10/2018,,2.27,2.37,2.06
2/11/2018,,2.33,2.44,2.06
2/12/2018,,2.26,2.37,2.04
2/13/2018,,2.30,2.39,2.04
2/14/2018,,2.24,2.38,2.04
2/15/2018,,2.21,2.37,2.04
2/16/2018,,2.21,2.36,2.04
2/17/2018,,2.22,2.36,2.04
2/18/2018,,2.30,2.46,2.04
2/19/2018,,2.22,2.35,2.04
2/20/2018,,2.24,2.33,2.02
2/21/2018,,2.25,2.30,1.99
2/22/2018,,2.26,2.31,1.99
2/23/2018,,2.25,2.29,1.99
2/24/2018,,2.18,2.26,1.99
2/25/2018,,2.27,2.42,1.99
2/26/2018,,2.20,2.27,2.04
2/27/2018,,2.19,2.21,2.04
2/28/2018,,2.18,2.22,2.07
3/1/2018,,2.20,2.23,2.07
3/2/2018,,2.20,2.20,2.11
3/3/2018,,2.23,2.27,2.11
3/4/2018,,2.22,2.25,2.11
3/5/2018,,2.25,2.31,2.13
3/6/2018,,2.12,2.39,1.60
3/7/2018,,2.16,2.30,2.02
3/8/2018,,2.19,2.26,2.09
3/9/2018,,2.28,2.62,2.11
3/10/2018,,2.08,2.31,1.41
3/11/2018,,2.24,2.40,2.09
3/12/2018,,2.11,2.36,1.49
3/13/2018,,2.27,2.46,2.17
3/14/2018,,2.24,2.46,2.03
3/15/2018,,2.38,2.62,2.16
3/16/2018,,2.31,2.36,2.22
3/17/2018,,2.35,2.55,2.19
3/18/2018,,2.42,2.64,2.26
3/19/2018,,2.38,2.58,2.26
3/20/2018,,2.36,2.40,2.28
3/21/2018,,2.42,2.54,2.30
3/22/2018,,2.46,2.58,2.31
3/23/2018,,2.58,2.68,2.35
3/24/2018,,2.58,2.73,2.35
3/25/2018,,2.63,3.00,2.35
3/26/2018,,2.60,2.81,2.35
3/27/2018,,2.66,2.92,2.36
3/28/2018,,2.71,3.03,2.36
3/29/2018,,2.73,3.13,2.36
3/30/2018,,2.83,3.21,2.36
3/31/2018,,2.84,3.19,2.36
4/1/2018,,2.80,3.24,2.36
4/2/2018,,2.93,3.50,2.35
4/3/2018,,2.93,3.72,2.42
4/4/2018,,3.03,3.86,2.51
4/5/2018,,3.21,4.11,2.65
4/6/2018,,3.77,4.66,3.05
4/7/2018,,3.46,4.91,3.05
4/8/2018,,3.48,4.65,3.05
4/9/2018,,3.72,4.91,3.45
4/10/2018,,4.18,5.74,3.72
4/11/2018,,4.75,6.75,4.11
4/12/2018,,5.29,7.30,4.51
4/13/2018,,5.41,7.71,4.84
4/14/2018,,4.93,6.26,4.84
4/15/2018,,4.94,6.26,4.84
4/16/2018,,5.77,8.18,5.24
4/17/2018,,6.07,9.00,5.24
4/18/2018,,6.45,8.44,5.90
4/19/2018,,5.77,7.66,5.85
4/20/2018,,6.14,7.57,6.11
4/21/2018,,5.54,7.19,6.11
4/22/2018,,5.26,7.19,4.93
4/23/2018,,6.12,8.28,6.07
4/24/2018,,6.63,9.15,6.26
4/25/2018,,6.61,9.15,6.18
4/26/2018,,6.85,9.15,6.35
4/27/2018,,6.98,9.62,6.39
4/28/2018,,6.13,7.66,6.24
4/29/2018,,6.12,7.66,6.24
4/30/2018,,6.97,9.62,6.21
5/1/2018,,6.05,7.66,6.21
5/2/2018,,6.19,7.89,6.37
5/3/2018,,6.15,7.89,6.37
5/4/2018,,6.25,7.66,6.49
5/5/2018,,6.27,7.66,6.44
5/6/2018,,6.17,7.66,6.44
5/7/2018,,7.78,10.53,6.44
5/8/2018,,7.64,10.53,6.37
5/9/2018,,7.73,10.53,6.66
5/10/2018,,8.33,11.13,6.97
5/11/2018,,8.37,11.31,7.11
5/12/2018,,7.84,11.31,7.11
5/13/2018,,7.83,11.31,7.11
5/14/2018,,8.38,11.31,7.11
5/15/2018,,8.37,10.98,7.11
5/16/2018,,8.56,11.12,7.31
5/17/2018,,8.69,11.08,7.46
5/18/2018,,9.31,13.18,7.46
5/19/2018,,9.38,13.18,7.46
5/20/2018,,9.50,13.18,7.46
5/21/2018,,9.73,13.18,7.52
5/22/2018,,10.31,15.21,8.10
5/23/2018,,10.72,15.21,8.10
5/24/2018,,12.06,17.61,8.79
5/25/2018,,12.83,18.79,9.32
5/26/2018,,12.94,18.79,9.32
5/27/2018,,12.97,18.79,9.32
5/28/2018,,13.84,20.04,9.91
5/29/2018,,15.18,23.32,9.91
5/30/2018,,15.25,23.32,9.95
5/31/2018,,17.33,27.48,12.54
6/1/2018,,18.43,27.48,14.00
6/2/2018,,18.60,27.48,14.00
6/3/2018,,18.58,27.48,14.00
6/4/2018,,18.52,26.44,14.00
6/5/2018,,19.15,29.09,16.26
6/6/2018,,19.23,29.09,16.26
6/7/2018,,21.26,29.09,19.65
6/8/2018,,21.53,30.00,19.36
6/9/2018,,21.62,30.00,19.36
6/10/2018,,21.80,30.00,19.36
6/11/2018,,22.39,30.31,21.02
6/12/2018,,22.82,31.06,20.51
6/13/2018,,23.45,30.18,21.46
6/14/2018,,23.65,30.18,22.26
6/15/2018,,24.11,30.18,22.91
6/16/2018,,24.07,30.18,22.91
6/17/2018,,23.97,30.18,22.91
6/18/2018,,27.28,32.02,22.99
6/19/2018,,27.91,36.02,21.80
6/20/2018,,28.78,36.02,23.91
6/21/2018,,30.21,36.02,25.88
6/22/2018,,30.95,36.02,26.46
6/23/2018,,31.04,36.02,26.46
6/24/2018,,30.98,36.02,26.46
6/25/2018,,31.66,38.79,26.01
6/26/2018,,32.10,39.92,26.11
6/27/2018,,33.45,40.42,28.31
6/28/2018,,33.45,38.12,28.49
6/29/2018,,34.01,38.12,28.79
6/30/2018,,33.48,38.12,28.79
7/1/2018,,33.38,38.12,28.79
7/2/2018,,33.78,40.42,28.79
7/3/2018,,33.02,40.42,28.79
7/4/2018,,33.38,40.42,28.79
7/5/2018,,33.37,40.42,28.79
7/6/2018,,32.45,40.42,28.79
7/7/2018,,32.17,40.42,28.79
7/8/2018,,32.09,40.42,28.79
7/9/2018,,31.91,36.28,28.79
7/10/2018,,32.63,36.28,30.15
7/11/2018,,32.66,36.28,30.15
7/12/2018,,32.70,35.58,29.69
7/13/2018,,32.80,36.03,30.63
7/14/2018,,32.81,36.03,30.63
7/15/2018,,32.78,36.03,30.63
7/16/2018,,33.11,37.56,30.54
7/17/2018,,33.48,37.56,30.54
7/18/2018,,34.85,39.05,31.37
7/19/2018,,35.35,39.05,32.55
7/20/2018,,35.71,41.31,33.13
7/21/2018,,35.66,41.31,33.13
7/22/2018,,35.64,41.31,33.13
7/23/2018,,35.32,41.31,31.65
7/24/2018,,35.14,41.31,31.65
7/25/2018,,34.05,35.71,31.36
7/26/2018,,35.32,37.93,33.23
7/27/2018,,35.42,38.48,33.23
7/28/2018,,35.46,38.48,33.23
7/29/2018,,35.46,38.48,33.23
7/30/2018,,36.30,39.46,34.50
7/31/2018,,37.16,40.50,33.52
8/1/2018,,37.26,40.50,33.52
8/2/2018,,38.85,45.20,35.97
8/3/2018,,39.13,45.20,36.01
8/4/2018,,39.55,45.20,36.01
8/5/2018,,39.75,45.20,36.01
8/6/2018,,40.34,45.20,36.01
8/7/2018,,40.47,46.01,36.46
8/8/2018,,42.46,46.95,38.11
8/9/2018,,44.12,50.36,38.11
8/10/2018,,48.02,57.24,41.01
8/11/2018,,49.55,57.24,41.01
8/12/2018,,49.52,57.24,41.01
8/13/2018,,52.24,63.93,42.05
8/14/2018,,54.55,64.90,43.16
8/15/2018,,56.82,64.90,43.16
8/16/2018,,63.31,73.68,54.10
8/17/2018,,67.97,79.62,59.21
8/18/2018,,72.42,92.28,59.21
8/19/2018,,88.57,142.77,59.21
8/20/2018,,92.04,130.60,59.21
8/21/2018,,93.50,117.88,65.18
8/22/2018,,98.52,132.38,71.21
8/23/2018,,98.41,132.38,75.32
8/24/2018,,100.95,132.38,83.47
8/25/2018,,103.09,132.38,83.47
8/26/2018,,103.17,132.38,83.47
8/27/2018,,104.43,132.17,83.47
8/28/2018,,103.82,126.82,86.18
8/29/2018,,106.27,127.05,86.18
8/30/2018,,105.09,121.74,86.47
8/31/2018,,98.85,118.46,86.43
9/1/2018,,98.85,118.46,86.43
9/2/2018,,98.85,118.46,86.43
9/3/2018,,95.66,108.43,86.37
9/4/2018,,99.10,127.73,88.09
9/5/2018,,101.65,128.41,86.11
9/6/2018,,107.95,134.75,90.51
9/7/2018,,112.23,150.44,90.51
9/8/2018,,112.23,150.44,90.51
9/9/2018,,112.23,150.44,90.51
9/10/2018,,107.68,122.61,90.63
9/11/2018,,105.71,122.61,86.20
9/12/2018,,103.25,113.00,88.13
9/13/2018,,103.07,113.20,91.60
9/14/2018,,101.35,112.80,89.19
9/15/2018,,101.35,112.80,89.19
9/16/2018,,101.35,112.80,89.19
9/17/2018,,101.33,113.00,88.78
9/18/2018,,105.70,122.17,88.67
9/19/2018,,110.22,137.07,92.33
9/20/2018,,114.32,140.25,92.66
9/21/2018,,115.62,139.25,93.08
9/22/2018,,115.62,139.25,93.08
9/23/2018,,115.62,139.25,93.08
9/24/2018,,113.91,132.62,93.08
9/25/2018,,116.00,138.75,96.30
9/26/2018,,114.43,138.50,96.30
9/27/2018,,113.74,135.12,97.08
9/28/2018,,113.10,131.67,98.06
9/29/2018,,114.98,131.67,98.06
9/30/2018,,114.98,131.67,98.06
10/1/2018,,116.57,138.75,98.56
10/2/2018,,118.29,138.75,99.12
10/3/2018,,122.32,140.47,101.34
10/4/2018,,121.40,140.47,101.50
10/5/2018,,126.37,143.33,102.97
10/6/2018,,133.01,165.00,103.50
10/7/2018,,133.01,165.00,103.50
10/8/2018,,133.01,165.00,103.50
10/9/2018,,134.08,170.00,105.44
10/10/2018,,143.36,170.61,110.31
10/11/2018,,140.24,170.61,110.31
10/12/2018,,143.36,170.61,110.31
10/13/2018,,143.36,170.61,110.31
10/14/2018,,156.44,191.55,125.08
10/15/2018,,160.36,191.55,125.08
10/16/2018,,165.65,201.91,136.05
10/17/2018,,180.74,216.92,147.32
10/18/2018,,186.92,216.92,156.43
10/19/2018,,191.08,219.28,167.36
10/20/2018,,191.08,219.28,167.36
10/21/2018,,191.08,219.28,167.36
10/22/2018,,193.71,227.68,171.34
10/23/2018,,202.67,234.89,175.44
10/24/2018,,207.65,234.98,179.78
10/25/2018,,212.24,234.89,193.20
10/26/2018,,216.89,243.65,200.67
10/27/2018,,216.89,243.65,200.67
10/28/2018,,216.89,243.65,200.67
10/29/2018,,227.37,260.18,201.85
10/30/2018,,235.91,260.18,218.00
10/31/2018,,241.57,260.18,224.03
11/1/2018,,246.33,271.41,220.23
11/2/2018,,254.06,280.63,227.18
11/3/2018,,254.06,280.63,227.18
11/4/2018,,254.06,280.63,227.18
11/5/2018,,263.81,305.42,236.40
11/6/2018,,266.14,305.42,222.37
11/7/2018,,274.59,328.69,236.93
11/8/2018,,274.22,304.00,243.65
11/9/2018,,274.26,304.00,246.19
11/10/2018,,274.26,304.00,246.19
11/11/2018,,274.26,304.00,246.19
11/12/2018,,276.53,304.60,251.26
11/13/2018,,279.20,306.25,255.71
11/14/2018,,288.74,323.39,255.65
11/15/2018,,293.72,330.23,263.35
11/16/2018,,296.37,327.22,270.41
11/17/2018,,296.37,327.22,270.41
11/18/2018,,296.37,327.22,270.41
11/19/2018,,313.69,358.42,270.25
11/20/2018,,314.20,358.42,270.25
11/21/2018,,339.76,377.28,311.13
11/22/2018,,355.32,404.53,318.04
11/23/2018,,373.87,425.42,326.17
11/24/2018,,373.87,425.42,326.17
11/25/2018,,373.87,425.42,326.17
11/26/2018,,383.98,440.83,326.17
11/27/2018,,429.36,503.73,357.42
11/28/2018,,460.12,524.68,376.21
11/29/2018,,478.31,541.80,398.36
11/30/2018,,499.79,564.61,406.15
12/1/2018,,499.79,564.61,406.15
12/2/2018,,499.79,564.61,406.15
12/3/2018,,517.90,587.76,423.54
12/4/2018,,525.88,605.77,455.31
12/5/2018,,545.24,605.77,472.81
12/6/2018,,567.35,624.40,503.50
12/7/2018,,586.90,649.26,505.77
12/8/2018,,586.90,649.26,505.77
12/9/2018,,586.90,649.26,505.77
12/10/2018,,637.00,732.50,548.03
12/11/2018,,667.30,813.20,560.67
12/12/2018,,679.53,809.24,583.23
12/13/2018,,701.24,809.24,601.09
12/14/2018,,718.24,820.09,615.35
12/15/2018,,718.24,820.09,615.35
12/16/2018,,718.24,820.09,615.35
12/17/2018,,749.36,855.88,631.95
12/18/2018,,758.62,901.57,638.98
12/19/2018,,758.39,875.12,638.98
12/20/2018,,754.65,844.11,669.93
12/21/2018,,765.16,844.11,686.73
12/22/2018,,765.16,844.11,686.73
12/23/2018,,765.16,844.11,686.73
12/24/2018,,765.16,844.11,686.73
12/25/2018,,765.16,844.11,686.73
12/26/2018,,771.49,901.56,675.79
12/27/2018,,776.80,904.00,675.79
12/28/2018,,776.80,904.00,675.79
12/29/2018,,776.80,904.00,675.79
12/30/2018,,776.80,904.00,675.79
12/31/2018,,776.80,904.00,675.79
1/1/2019,636.58,776.80,904.00,675.79
1/2/2019,636.58,776.80,904.00,675.79
1/3/2019,636.58,776.80,904.00,675.79
1/4/2019,636.58,776.80,904.00,675.79
1/5/2019,702.81,776.80,904.00,675.79
1/6/2019,702.81,776.80,904.00,675.79
1/7/2019,702.81,1107.84,1358.00,841.24
1/8/2019,702.81,1374.89,1900.00,981.35
1/9/2019,793.47,1739.55,2333.00,1120.17
1/10/2019,793.47,2094.33,2820.00,1460.48
1/11/2019,860.16,2440.69,2968.00,2144.04
1/12/2019,947.10,2656.99,3244.00,2144.04
1/13/2019,947.10,2656.99,3244.00,2144.04
1/14/2019,947.10,2891.43,3650.00,2491.17
1/15/2019,947.10,3054.28,3650.00,2698.85
1/16/2019,999.24,3120.88,3650.00,2727.48
1/17/2019,999.24,2937.62,3482.81,2489.52
1/18/2019,1120.65,2519.20,2902.87,2264.64
1/19/2019,1321.59,2488.75,2902.87,2182.45
1/20/2019,1321.59,2488.75,2902.87,2182.45
1/21/2019,1321.59,2380.67,2690.15,2129.79
1/22/2019,1321.59,2171.90,2453.00,1979.36
1/23/2019,1568.62,2171.90,2453.00,1979.36
1/24/2019,1568.62,2602.57,2834.00,2415.77
1/25/2019,2079.18,2822.15,3073.00,2505.23
1/26/2019,3290.87,2822.15,3073.00,2505.23
1/27/2019,3290.87,2822.15,3073.00,2505.23
1/28/2019,3290.87,3011.74,3255.00,2701.46
1/29/2019,3290.87,2970.87,3196.12,2788.31
1/30/2019,3290.87,2795.31,2940.77,2517.00
1/31/2019,3290.87,2380.81,2715.41,2159.38
2/1/2019,3289.95,2314.25,2580.25,2125.58
2/2/2019,3288.98,2314.25,2580.25,2125.58
2/3/2019,3288.98,2314.25,2580.25,2125.58
2/4/2019,3288.98,2613.34,2940.00,2388.39
2/5/2019,3289.16,2657.72,2920.00,2468.25
2/6/2019,3289.38,2783.30,2930.00,2605.01
2/7/2019,3289.47,2986.53,3244.00,2808.33
2/8/2019,3289.77,3032.37,3244.00,2808.33
2/9/2019,3290.59,3032.37,3244.00,2808.33
2/10/2019,3290.59,3032.37,3244.00,2808.33
2/11/2019,3290.59,3252.54,3406.97,2964.99
2/12/2019,3289.86,3189.70,3383.72,2969.18
2/13/2019,3289.98,3059.90,3269.66,2856.27
2/14/2019,3290.13,2862.92,3195.15,2659.11
2/15/2019,3290.20,2882.94,3010.47,2746.50
2/16/2019,3289.96,2882.94,3010.47,2746.50
2/17/2019,3289.96,2882.94,3010.47,2746.50
2/18/2019,3289.96,3029.34,3255.00,2831.81
2/19/2019,3290.14,3202.16,3447.00,3021.56
2/20/2019,3290.39,3272.09,3447.00,3113.99
2/21/2019,3290.60,3290.95,3447.00,3164.70
2/22/2019,3291.28,3453.23,3658.22,3238.15
2/23/2019,3291.72,3453.23,3658.22,3238.15
2/24/2019,3291.72,3453.23,3658.22,3238.15
2/25/2019,3291.72,3640.18,3905.40,3400.33
2/26/2019,3293.58,3667.51,3905.40,3375.94
2/27/2019,3290.07,3673.76,3912.16,3395.87
2/28/2019,3293.98,3652.02,3912.16,3377.79
3/1/2019,3292.82,3645.18,3842.00,3398.18
3/2/2019,3290.66,3645.18,3842.00,3398.18
3/3/2019,3290.66,3645.18,3842.00,3398.18
3/4/2019,3290.66,3639.89,3842.00,3366.59
3/5/2019,3290.66,3639.89,3842.00,3366.59
3/6/2019,3290.66,3513.95,3713.17,3259.90
3/7/2019,3291.34,3472.94,3673.74,3225.29
3/8/2019,3291.34,3378.84,3656.25,3072.55
3/9/2019,3291.34,3378.84,3656.25,3072.55
3/10/2019,3291.34,3378.84,3656.25,3072.55
3/11/2019,3291.34,3361.47,3656.25,3031.74
3/12/2019,3291.34,3223.16,3540.33,2881.93
3/13/2019,3291.34,3177.95,3478.14,2889.69
3/14/2019,3289.69,3252.29,3435.29,2994.61
3/15/2019,3287.88,3305.87,3490.39,3080.20
3/16/2019,3289.47,3305.87,3490.39,3080.20
3/17/2019,3289.47,3305.87,3490.39,3080.20
3/18/2019,3289.47,3359.46,3518.00,3150.61
3/19/2019,3290.77,3394.73,3617.00,3150.61
3/20/2019,3290.77,3329.12,3516.00,3110.98
3/21/2019,3288.93,3338.46,3516.00,3173.01
3/22/2019,3286.77,3439.24,3611.00,3176.06
3/23/2019,3286.24,3439.24,3611.00,3176.06
3/24/2019,3286.24,3439.24,3611.00,3176.06
3/25/2019,3286.24,3471.23,3611.00,3265.83
3/26/2019,3286.24,3471.23,3611.00,3265.83
3/27/2019,3286.24,3602.06,3792.00,3299.67
3/28/2019,3286.24,3646.14,3847.00,3342.55
3/29/2019,3286.24,3647.77,3847.00,3386.93
3/30/2019,3286.24,3657.97,3847.00,3386.93
3/31/2019,3286.24,3657.97,3847.00,3386.93
4/1/2019,3287.68,3587.56,3900.00,3063.12
4/2/2019,3287.91,3600.41,3900.00,3205.56
4/3/2019,3290.21,3553.27,3847.00,3117.94
4/4/2019,3292.16,3553.27,3847.00,3117.94
4/5/2019,3293.98,3553.27,3847.00,3117.94
4/6/2019,3300.00,3553.27,3847.00,3117.94
4/7/2019,3300.00,3553.27,3847.00,3117.94
4/8/2019,3300.00,3864.59,4142.00,3492.55
4/9/2019,3301.03,4003.87,4390.00,3605.57
4/10/2019,3303.54,4086.32,4390.00,3732.80
4/11/2019,3306.05,4394.30,4833.00,4008.88
4/12/2019,3310.66,4394.30,4833.00,4008.88
4/13/2019,4089.75,4394.30,4833.00,4008.88
4/14/2019,4089.75,4394.30,4833.00,4008.88
4/15/2019,4089.75,5000.42,5576.00,4326.60
4/16/2019,4103.08,5186.43,5800.00,4668.51
4/17/2019,5187.00,5270.24,5820.00,4891.12
4/18/2019,5187.00,5270.24,5820.00,4891.12
4/19/2019,5187.00,5270.24,5820.00,4891.12
4/20/2019,5187.00,5270.24,5820.00,4891.12
4/21/2019,5187.00,5270.24,5820.00,4891.12
4/22/2019,5187.00,5356.78,6041.00,4741.76
4/23/2019,5188.03,5469.12,6041.00,4955.57
4/24/2019,5188.88,5537.19,6041.00,5147.16
4/25/2019,5188.97,5785.29,6202.12,5319.57
4/26/2019,5189.25,5910.22,6347.82,5401.08
4/27/2019,5189.88,5910.22,6347.82,5401.08
4/28/2019,5189.88,5910.22,6347.82,5401.08
4/29/2019,5189.88,6238.40,6904.00,5639.84
4/30/2019,5189.93,6238.40,6904.00,5639.84
5/1/2019,5190.20,6238.40,6904.00,5639.84
5/2/2019,5190.20,6365.75,7121.95,5709.37
5/3/2019,5189.84,6139.06,7073.00,5665.97
5/4/2019,5189.92,6044.70,6744.00,5616.13
5/5/2019,5189.92,6044.70,6744.00,5616.13
5/6/2019,5189.92,6069.35,6744.00,5447.43
5/7/2019,5189.80,5961.48,6444.00,5479.15
5/8/2019,5189.76,5911.30,6444.00,5483.77
5/9/2019,5189.61,5726.80,6063.00,5304.94
5/10/2019,5189.56,5702.96,6063.00,5260.50
5/11/2019,5249.40,5702.96,6063.00,5260.50
5/12/2019,5249.40,5702.96,6063.00,5260.50
5/13/2019,5249.40,5732.88,6074.88,5212.91
5/14/2019,5242.98,5784.86,6063.00,5388.93
5/15/2019,5355.51,5798.79,6063.00,5473.70
5/16/2019,5388.68,5807.28,6063.00,5409.13
5/17/2019,5543.07,5862.76,6063.00,5493.61
5/18/2019,5531.89,5862.76,6063.00,5493.61
5/19/2019,5531.89,5862.76,6063.00,5493.61
5/20/2019,5531.89,5893.38,6063.00,5373.73
5/21/2019,5619.54,5893.59,6170.00,5532.11
5/22/2019,5624.35,6010.60,6255.00,5803.43
5/23/2019,5627.39,6225.05,6555.00,5885.22
5/24/2019,5723.92,6226.28,6704.00,5781.41
5/25/2019,5755.40,6226.28,6704.00,5781.41
5/26/2019,5755.40,6226.28,6704.00,5781.41
5/27/2019,5755.40,6226.28,6704.00,5781.41
5/28/2019,5820.66,6226.28,6704.00,5781.41
5/29/2019,5815.08,6226.28,6704.00,5781.41
5/30/2019,5716.57,6226.28,6704.00,5781.41
5/31/2019,5873.24,6226.28,6704.00,5781.41
6/1/2019,5889.04,6226.28,6704.00,5781.41
6/2/2019,5889.04,6226.28,6704.00,5781.41
6/3/2019,5889.04,6585.00,7214.00,5860.23
6/4/2019,5889.04,6612.37,7214.00,5694.15
6/5/2019,5904.44,6466.36,7142.00,5955.42
6/6/2019,6018.67,6426.58,7093.02,5902.15
6/7/2019,6034.08,6415.59,7069.76,5930.40
6/8/2019,6071.53,6415.59,7069.76,5930.40
6/9/2019,6071.53,6415.59,7069.76,5930.40
6/10/2019,6071.53,6507.03,7046.51,5705.14
6/11/2019,6123.76,6658.73,7142.00,6051.02
6/12/2019,6144.31,6877.70,7525.00,6171.20
6/13/2019,6161.59,7028.55,7692.00,6376.06
6/14/2019,6228.72,7235.94,7921.00,6471.18
6/15/2019,6202.81,7235.94,7921.00,6471.18
6/16/2019,6202.81,7235.94,7921.00,6471.18
6/17/2019,6202.81,7410.09,8108.00,6918.32
6/18/2019,6202.81,7343.98,8108.00,6951.42
6/19/2019,6257.57,7317.35,7717.00,7025.12
6/20/2019,6276.23,7477.87,8108.00,7042.41
6/21/2019,6506.38,7496.13,8108.00,7042.41
6/22/2019,6343.27,7496.13,8108.00,7042.41
6/23/2019,6343.27,7496.13,8108.00,7042.41
6/24/2019,6343.27,7496.13,8108.00,7042.41
6/25/2019,6343.27,7658.81,8108.00,7395.35
6/26/2019,6462.95,7844.26,8657.00,7353.30
6/27/2019,6550.05,7966.25,8657.00,7475.90
6/28/2019,6716.46,8001.01,8657.00,7475.90
6/29/2019,6716.46,8001.01,8657.00,7475.90
6/30/2019,6716.46,8001.01,8657.00,7475.90
7/1/2019,6721.56,8078.70,8753.00,7503.11
7/2/2019,6668.21,8076.45,8753.00,7503.11
7/3/2019,6904.93,8083.44,8753.00,7512.44
7/4/2019,7187.06,8007.63,8753.00,7540.54
7/5/2019,6959.75,8020.56,8753.00,7540.54
7/6/2019,6959.75,8020.56,8753.00,7540.54
7/7/2019,6959.75,8020.56,8753.00,7540.54
7/8/2019,6959.75,7989.07,8753.00,7461.12
7/9/2019,7085.61,8043.00,8753.00,7500.56
7/10/2019,7126.62,8099.15,8753.00,7644.40
7/11/2019,7138.60,8314.77,9000.00,7830.00
7/12/2019,7186.72,8388.08,9000.00,8012.71
7/13/2019,7227.93,8388.08,9000.00,8012.71
7/14/2019,7227.93,8388.08,9000.00,8012.71
7/15/2019,7227.93,8874.31,9838.00,8165.44
7/16/2019,7227.74,9401.84,10166.00,8800.22
7/17/2019,7326.41,9768.48,10892.00,9212.63
7/18/2019,7457.05,10426.96,11296.00,9802.00
7/19/2019,7485.15,10836.15,11916.00,10237.80
7/20/2019,7590.46,10836.15,11916.00,10237.80
7/21/2019,7590.46,10836.15,11916.00,10237.80
7/22/2019,7590.46,11112.09,12306.00,10500.32
7/23/2019,8047.69,11112.09,12306.00,10500.32
7/24/2019,8535.90,11112.09,12306.00,10500.32
7/25/2019,8535.90,11578.71,12721.00,10863.41
7/26/2019,8816.31,11731.27,12721.00,10834.30
7/27/2019,9806.37,11731.27,12721.00,10834.30
7/28/2019,9806.37,11731.27,12721.00,10834.30
7/29/2019,9806.37,12070.72,12967.00,11300.72
7/30/2019,10704.28,12116.71,12978.00,11437.60
7/31/2019,11236.32,12406.80,13260.00,11769.79
8/1/2019,11879.44,12495.41,13260.00,11774.00
8/2/2019,11909.86,12482.24,13260.00,11670.52
8/3/2019,12011.48,12482.24,13260.00,11670.52
8/4/2019,12011.48,12482.24,13260.00,11670.52
8/5/2019,12011.48,12983.05,13881.00,12377.20
8/6/2019,12528.06,13541.75,14523.00,13001.28
8/7/2019,12776.52,13588.94,14523.00,12905.44
8/8/2019,12971.93,13685.06,14523.00,12980.40
8/9/2019,13192.13,13918.69,15250.00,13230.96
8/10/2019,13192.13,13918.69,15250.00,13230.96
8/11/2019,13192.13,13918.69,15250.00,13230.96
8/12/2019,13579.28,14180.28,15250.00,13279.39
8/13/2019,13728.67,14304.64,15250.00,13537.20
8/14/2019,13886.66,14705.39,15885.00,13653.20
8/15/2019,14036.46,15001.59,16105.00,14024.40
8/16/2019,14447.33,15259.22,16105.00,14465.20
8/17/2019,14447.33,15259.22,16105.00,14465.20
8/18/2019,14447.33,15259.22,16105.00,14465.20
8/19/2019,14447.33,15806.51,17206.00,14650.80
8/20/2019,14447.33,15833.59,17206.00,14848.00
8/21/2019,14606.26,16282.45,17206.00,15207.60
8/22/2019,15645.57,16550.21,17903.00,15416.40
8/23/2019,15843.99,16731.13,17906.00,15940.72
8/24/2019,15843.99,16731.13,17906.00,15940.72
8/25/2019,15843.99,16731.13,17906.00,15940.72
8/26/2019,16035.41,18302.42,20805.00,16750.40
8/27/2019,16474.72,20244.69,22302.00,18701.58
8/28/2019,17607.60,22905.08,25203.00,20635.41
8/29/2019,18410.10,24106.13,25203.00,22501.68
8/30/2019,20511.05,24638.39,25950.42,22318.40
8/31/2019,20511.05,24638.39,25950.42,22318.40
9/1/2019,20511.05,24638.39,25950.42,22318.40
9/2/2019,22186.89,24748.69,26525.00,22736.00
9/3/2019,23330.14,23934.66,26003.72,21202.48
9/4/2019,23840.79,21870.13,25481.31,19781.39
9/5/2019,23675.60,20346.57,21724.00,18560.00
9/6/2019,20959.92,20691.34,22142.00,19333.22
9/7/2019,20959.92,20691.34,22142.00,19333.22
9/8/2019,20959.92,20691.34,22142.00,19333.22
9/9/2019,20430.11,21737.94,23846.00,19650.40
9/10/2019,20506.64,22216.68,24218.00,20648.00
9/11/2019,21181.89,22215.91,24218.00,20416.00
9/12/2019,21228.48,21846.14,23692.00,19928.80
9/13/2019,21444.65,21132.99,22481.00,19418.00
9/14/2019,21444.65,21132.99,22481.00,19418.00
9/15/2019,21444.65,21132.99,22481.00,19418.00
9/16/2019,21555.44,20643.03,21840.31,18942.80
9/17/2019,21555.44,20179.62,21630.12,18606.40
9/18/2019,19889.29,19506.45,21238.02,18328.03
9/19/2019,19839.67,19085.76,20031.03,17864.00
9/20/2019,19871.74,19391.42,20662.00,18258.40
9/21/2019,19871.74,19391.42,20662.00,18258.40
9/22/2019,19871.74,19391.42,20662.00,18258.40
9/23/2019,19715.31,20262.99,21379.00,19333.57
9/24/2019,19715.31,21079.61,21985.00,20195.24
9/25/2019,19988.57,21844.38,22500.00,21421.07
9/26/2019,21584.18,21584.18,22500.00,20592.00
9/27/2019,20903.68,21390.79,22533.00,20067.22
9/28/2019,20903.68,21390.79,22533.00,20067.22
9/29/2019,20903.68,21390.79,22533.00,20067.22
9/30/2019,21028.08,20572.67,21347.22,19392.59
10/1/2019,20746.39,19976.09,20995.42,19036.57
10/2/2019,20425.64,20003.31,21105.00,19215.87
10/3/2019,20254.59,19866.49,20645.00,19266.90
10/4/2019,20163.36,20051.20,21200.00,19344.00
10/5/2019,20163.36,20051.20,21200.00,19344.00
10/6/2019,20163.36,20051.20,21200.00,19344.00
10/7/2019,20218.03,19993.47,21200.00,18952.77
10/8/2019,20112.88,19924.33,21200.00,19092.82
10/9/2019,19663.80,19443.49,20015.74,18388.85
10/10/2019,19758.28,19232.77,19861.06,18733.50
10/11/2019,19413.65,19160.01,19932.04,18566.88
10/12/2019,19413.65,19160.01,19932.04,18566.88
10/13/2019,19413.65,19160.01,19932.04,18566.88
10/14/2019,19733.41,19121.26,19687.00,18485.28
10/15/2019,19025.39,19223.68,19969.31,18616.00
10/16/2019,18955.03,18995.79,19410.32,18309.93
10/17/2019,18854.22,18477.70,19199.06,17717.77
10/18/2019,19173.68,18306.51,19090.00,17583.56
10/19/2019,19173.68,18306.51,19090.00,17583.56
10/20/2019,19173.68,18306.51,19090.00,17583.56
10/21/2019,18710.56,18096.31,18755.58,17632.84
10/22/2019,18374.54,18782.50,20316.00,17888.00
10/23/2019,18380.41,20014.38,21333.00,18830.20
10/24/2019,18587.15,21742.07,23357.00,20043.33
10/25/2019,19758.07,23067.87,25388.98,21271.11
10/26/2019,19758.07,23067.87,25388.98,21271.11
10/27/2019,19758.07,23067.87,25388.98,21271.11
10/28/2019,20454.31,26102.08,28177.63,23875.83
10/29/2019,21659.92,27161.52,30476.00,25187.13
10/30/2019,23605.94,24399.75,26388.02,22893.05
10/31/2019,24415.07,20959.69,24754.32,18899.11
11/1/2019,23402.91,21494.98,23648.50,19000.00
11/2/2019,23402.91,21494.98,23648.50,19000.00
11/3/2019,23402.91,21494.98,23648.50,19000.00
11/4/2019,22493.91,23922.40,26041.34,22158.00
11/5/2019,22493.91,23857.58,26250.00,21500.00
11/6/2019,22715.94,24776.90,27391.00,22400.00
11/7/2019,23533.38,26933.22,29809.00,25013.12
11/8/2019,25734.28,28087.20,30882.00,26092.50
11/9/2019,25734.28,28087.20,30882.00,26092.50
11/10/2019,25734.28,28087.20,30882.00,26092.50
11/11/2019,25734.28,29154.45,30882.00,28126.26
11/12/2019,26781.57,31001.38,33152.00,29032.22
11/13/2019,27962.02,32396.38,35000.00,30679.27
11/14/2019,29949.68,29937.62,31800.00,26969.15
11/15/2019,30085.86,28959.49,29839.43,27865.63
11/16/2019,30085.86,28959.49,29839.43,27865.63
11/17/2019,30085.86,28959.49,29839.43,27865.63
11/18/2019,29383.24,30755.83,33157.00,29369.00
11/19/2019,28954.71,32614.71,35393.00,30806.25
11/20/2019,30435.05,33492.19,35393.00,31845.04
11/21/2019,32096.08,33358.81,35393.00,31483.00
11/22/2019,32190.46,34016.14,36206.00,32519.93
11/23/2019,32190.46,34016.14,36206.00,32519.93
11/24/2019,32190.46,34016.14,36206.00,32519.93
11/25/2019,32638.74,36364.28,39622.00,34370.34
11/26/2019,33370.24,38365.37,42000.00,36302.71
11/27/2019,35470.61,39857.29,42567.00,37178.43
11/28/2019,36733.80,40482.64,43750.00,38100.25
11/29/2019,38204.22,38395.70,42000.00,34722.00
11/30/2019,38204.22,38395.70,42000.00,34722.00
12/1/2019,38204.22,38395.70,42000.00,34722.00
12/2/2019,38980.83,39557.38,42567.00,37563.93
12/3/2019,37606.16,41521.54,45652.00,39252.20
12/4/2019,38455.75,43129.44,46323.00,40537.84
12/5/2019,39947.60,43756.56,48462.00,40862.01
12/6/2019,41675.27,43794.33,48462.00,41135.28
12/7/2019,41675.27,43794.33,48462.00,41135.28
12/8/2019,41675.27,43794.33,48462.00,41135.28
12/9/2019,42087.68,45761.31,50000.00,43699.00
12/10/2019,43651.16,46326.97,50806.00,44898.00
12/11/2019,44610.46,47598.88,50793.00,45374.24
12/12/2019,46134.44,47422.64,51620.00,44370.06
12/13/2019,46291.62,47706.99,51620.00,44500.44
12/14/2019,46291.62,47706.99,51620.00,44500.44
12/15/2019,46291.62,47706.99,51620.00,44500.44
12/16/2019,46304.26,48713.48,53389.00,46193.26
12/17/2019,46366.58,49186.04,55172.00,46103.97
12/18/2019,46946.27,48632.52,53333.00,45863.05
12/19/2019,47942.86,47445.28,51612.00,44831.79
12/20/2019,47167.49,46160.08,48461.00,43680.89
12/21/2019,47167.49,46160.08,48461.00,43680.89
12/22/2019,47167.49,46160.08,48461.00,43680.89
12/23/2019,46677.20,45348.09,48461.00,42524.61
12/24/2019,46677.20,45348.09,48461.00,42524.61
12/25/2019,46677.20,45348.09,48461.00,42524.61
12/26/2019,45553.21,46927.63,49071.80,44664.43
12/27/2019,45257.38,50130.94,54237.00,47353.00
12/28/2019,45257.38,50130.94,54237.00,47353.00
12/29/2019,45257.38,50130.94,54237.00,47353.00
12/30/2019,45874.81,56122.06,62745.00,51832.53
12/31/2019,45874.81,56122.06,62745.00,51832.53
1/1/2020,45874.81,56122.06,62745.00,51832.53
1/2/2020,46620.83,60171.72,65172.42,57301.94
1/3/2020,48709.36,73321.90,78750.00,67482.17
1/4/2020,48709.36,73321.90,78750.00,67482.17
1/5/2020,48709.36,73321.90,78750.00,67482.17
1/6/2020,48709.36,79103.00,82894.00,73958.39
1/7/2020,54441.93,71158.33,78250.00,63510.06
1/8/2020,56741.09,61752.71,69852.14,58795.00
1/9/2020,60990.47,70480.58,78750.00,62210.93
1/10/2020,62299.04,81578.06,91428.00,74842.72
1/11/2020,62299.04,81578.06,91428.00,74842.72
1/12/2020,62299.04,81578.06,91428.00,74842.72
1/13/2020,67213.99,82896.49,91428.00,73904.68
1/14/2020,67814.75,71460.93,80721.92,65200.00
1/15/2020,70675.74,77144.80,82262.00,72623.33
1/16/2020,71208.24,81370.97,90140.00,75475.37
1/17/2020,72228.34,75249.20,78250.00,71623.00
1/18/2020,72228.34,75249.20,78250.00,71623.00
1/19/2020,72228.34,75249.20,78250.00,71623.00
1/20/2020,74139.47,78218.37,84594.00,73579.81
1/21/2020,74139.47,70710.55,75863.11,66885.00
1/22/2020,73430.48,76674.72,81841.00,71377.78
1/23/2020,73701.08,78385.84,84210.00,73632.14
1/24/2020,74243.60,77475.47,81025.00,72740.06
1/25/2020,74243.60,77475.47,81025.00,72740.06
1/26/2020,74243.60,77475.47,81025.00,72740.06
1/27/2020,74673.81,75254.87,81025.00,70913.95
1/28/2020,74444.16,76363.47,81025.00,72755.10
1/29/2020,74727.19,75471.31,78250.00,71024.85
1/30/2020,74903.99,74736.20,78250.00,70680.94
1/31/2020,74989.87,73303.99,76341.00,70270.94
2/1/2020,74989.87,73303.99,76341.00,70270.94
2/2/2020,74989.87,73303.99,76341.00,70270.94
2/3/2020,74026.61,74372.39,78250.00,71165.07
2/4/2020,72941.83,75468.09,78250.00,72021.45
2/5/2020,73341.19,74754.87,79780.00,70171.72
2/6/2020,73607.36,74023.81,78250.00,70355.64
2/7/2020,73612.48,74022.23,78250.00,71176.00
2/8/2020,73612.48,74022.23,78250.00,71176.00
2/9/2020,73612.48,74022.23,78250.00,71176.00
2/10/2020,73430.55,74590.16,78250.00,71489.00
2/11/2020,73048.49,73141.44,78500.00,67516.56
2/12/2020,73172.50,74436.89,78500.00,70443.20
2/13/2020,73486.98,75320.51,79500.00,72556.00
2/14/2020,73582.94,76315.79,80808.00,72614.90
2/15/2020,73582.94,76315.79,80808.00,72614.90
2/16/2020,73582.94,76315.79,80808.00,72614.90
2/17/2020,73393.29,77443.70,80808.00,73558.55
2/18/2020,73470.98,74999.93,78095.00,70609.23
2/19/2020,73772.33,75075.68,79000.00,71567.26
2/20/2020,73759.84,75964.87,79000.00,72388.41
2/21/2020,73787.06,74924.18,78095.00,71585.00
2/22/2020,73787.06,74924.18,78095.00,71585.00
2/23/2020,73787.06,74924.18,78095.00,71585.00
2/24/2020,73351.03,74810.37,78250.00,71978.93
2/25/2020,73351.03,74810.37,78250.00,71978.93
2/26/2020,73351.00,75848.56,78878.29,71070.00
2/27/2020,73603.12,75197.02,78250.00,71585.00
2/28/2020,73652.17,75277.02,78250.00,71585.00
2/29/2020,73652.17,75277.02,78250.00,71585.00
3/1/2020,73652.17,75277.02,78250.00,71585.00
3/2/2020,74092.57,74173.53,76341.00,71217.11
3/3/2020,73987.45,74530.46,76341.00,72495.16
3/4/2020,73829.03,74093.62,76341.00,71863.00
3/5/2020,73653.28,73384.24,76341.00,70842.91
3/6/2020,73193.31,73302.40,76341.00,70312.00
3/7/2020,73193.31,73302.40,76341.00,70312.00
3/8/2020,73193.31,73302.40,76341.00,70312.00
3/9/2020,73224.15,74871.69,79756.00,71763.00
3/10/2020,73255.76,76310.52,78356.00,73712.75
3/11/2020,73334.83,76470.15,79756.00,73658.07
3/12/2020,73649.56,80045.90,87369.56,73778.00
3/13/2020,73688.73,79990.63,83267.47,77079.00
3/14/2020,73688.73,79990.63,83267.47,77079.00
3/15/2020,73688.73,79990.63,83267.47,77079.00
3/16/2020,74081.87,77837.66,80293.63,75055.00
3/17/2020,74146.48,73869.66,77906.00,69565.00
3/18/2020,74007.97,70645.15,75724.82,60952.00
3/19/2020,72260.07,68633.37,72731.72,60952.00
3/20/2020,72260.07,72029.09,76845.25,67255.00
3/21/2020,72260.07,72029.09,76845.25,67255.00
3/22/2020,72260.07,72029.09,76845.25,67255.00
3/23/2020,72260.07,75408.64,77550.00,73181.57
3/24/2020,69896.34,78215.05,80656.87,75009.72
3/25/2020,70854.89,82643.66,86242.77,74565.00
3/26/2020,71208.53,84482.57,88013.59,76222.00
3/27/2020,73830.16,84185.43,86545.80,79244.00
3/28/2020,73830.16,84185.43,86545.80,79244.00
3/29/2020,73830.16,84185.43,86545.80,79244.00
3/30/2020,77893.46,85263.70,88688.59,82619.00
3/31/2020,80270.10,87758.89,92326.73,82619.00
4/1/2020,80945.72,88445.96,92060.69,82619.00
4/2/2020,83375.72,89536.12,95000.00,84634.00
4/3/2020,84693.32,97346.44,107057.98,87500.00
4/4/2020,84693.32,97346.44,107057.98,87500.00
4/5/2020,84693.32,97346.44,107057.98,87500.00
4/6/2020,86657.88,104330.34,111290.00,99043.72
4/7/2020,91832.05,110511.60,119377.00,105729.27
4/8/2020,96632.43,117205.79,127777.00,112382.26
4/9/2020,96632.43,117044.76,127777.00,112382.26
4/10/2020,96632.43,117044.76,127777.00,112382.26
4/11/2020,96632.43,117044.76,127777.00,112382.26
4/12/2020,96632.43,117044.76,127777.00,112382.26
4/13/2020,100980.13,132753.21,152000.00,112191.74
4/14/2020,105906.69,135152.19,148695.00,124206.15
4/15/2020,113833.97,132959.21,140470.00,126499.50
4/16/2020,120860.41,124790.33,134804.72,120232.29
4/17/2020,125975.09,126168.76,130032.62,123310.00
4/18/2020,125975.09,125803.30,130032.62,123310.00
4/19/2020,125975.09,125803.30,130032.62,123310.00
4/20/2020,125574.03,141755.29,151327.00,137417.50
4/21/2020,128044.28,157574.93,169306.00,149787.00
4/22/2020,129093.07,190020.00,202015.95,175523.12
4/23/2020,144957.19,204373.58,220645.00,192793.34
4/24/2020,171575.51,187053.78,204651.00,176223.13
4/25/2020,171575.51,187084.04,204651.00,176223.13
4/26/2020,171575.51,187084.04,204651.00,176223.13
4/27/2020,171072.85,194936.77,205068.62,187286.46
4/28/2020,170342.68,181819.67,193042.81,174290.59
4/29/2020,175659.84,176038.97,185004.12,166652.31
4/30/2020,176563.07,176770.96,186275.35,169231.00
5/1/2020,176563.07,176295.09,186275.35,169231.00
5/2/2020,176563.07,176295.09,186275.35,169231.00
5/3/2020,176563.07,176295.09,186275.35,169231.00
5/4/2020,176538.04,174769.59,180022.62,167221.99
5/5/2020,175414.08,163468.52,179021.82,152946.43
5/6/2020,171874.55,173356.96,186919.80,163721.00
5/7/2020,169363.89,182342.69,198837.00,172349.95
5/8/2020,172952.83,181992.36,190007.61,173027.98
5/9/2020,172952.83,182218.12,190007.61,173027.98
5/10/2020,172952.83,182218.12,190007.61,173027.98
5/11/2020,179019.26,178703.57,185264.89,172549.00
5/12/2020,179104.58,177981.80,184594.00,172549.00
5/13/2020,178532.44,186006.89,197142.00,176000.00
5/14/2020,179041.34,188661.97,199767.21,176000.00
5/15/2020,181675.88,182495.75,189560.00,172549.00
5/16/2020,181675.88,182524.99,189560.00,172549.00
5/17/2020,181675.88,182524.99,189560.00,172549.00
5/18/2020,183048.30,182022.49,187241.82,172459.00
5/19/2020,183337.60,184253.64,188071.03,177778.00
5/20/2020,182834.22,191147.73,201176.00,186227.49
5/21/2020,183533.83,200457.91,209579.46,190270.00
5/22/2020,188129.91,203766.90,215625.00,190270.00
5/23/2020,188129.91,203464.74,215625.00,190270.00
5/24/2020,188129.91,203464.74,215625.00,190270.00
5/25/2020,193404.59,196287.41,206396.53,190270.00
5/26/2020,193404.59,195998.33,202043.94,190353.23
5/27/2020,193464.32,195863.85,200581.00,191531.75
5/28/2020,196049.76,195865.16,200581.00,191280.21
5/29/2020,197214.95,196268.88,200581.00,192937.79
5/30/2020,197214.95,195899.14,200581.00,192937.79
5/31/2020,197214.95,195899.14,200581.00,192937.79
6/1/2020,198110.59,194860.59,198857.00,189626.74
6/2/2020,197794.74,194317.32,199154.79,188462.00
6/3/2020,197189.04,193494.25,196632.86,188462.00
6/4/2020,197515.01,192804.04,195410.59,185405.00
6/5/2020,198651.71,193739.33,196270.08,190608.00
6/6/2020,198651.71,193661.38,196270.08,190608.00
6/7/2020,198651.71,193661.38,196270.08,190608.00
6/8/2020,199030.93,195058.81,198224.00,191620.00
6/9/2020,198185.10,200097.59,209090.00,191620.00
6/10/2020,197893.71,206527.93,218354.00,191620.00
6/11/2020,201166.30,206479.83,214375.00,197252.22
6/12/2020,202465.55,204354.94,208634.91,197722.32
6/13/2020,202465.55,204354.94,208634.91,197722.32
6/14/2020,202465.55,204354.94,208634.91,197722.32
6/15/2020,203257.51,203663.94,207272.00,199038.74
6/16/2020,203505.21,204016.90,207272.00,199715.43
6/17/2020,203639.00,203473.50,207139.80,199419.00
6/18/2020,203457.86,203271.68,207660.60,197126.00
6/19/2020,203129.57,203129.57,207855.30,197126.00
6/20/2020,203129.57,203129.57,207855.30,197126.00
6/21/2020,203129.57,203129.57,207855.30,197126.00
6/22/2020,202838.89,200981.60,206024.00,197126.00
6/23/2020,201738.57,202204.60,207229.22,198864.00
6/24/2020,201961.40,206076.89,212595.53,198864.00
6/25/2020,201691.40,208771.24,214815.00,203721.12
6/26/2020,202157.02,211867.77,215759.25,207305.00
6/27/2020,202157.02,211867.77,215759.25,207305.00
6/28/2020,202157.02,211867.77,215759.25,207305.00
6/29/2020,202331.51,213386.03,218802.63,208003.23
6/30/2020,202331.51,209648.86,215123.00,204473.84
7/1/2020,204417.69,203871.25,207989.41,198227.16
7/2/2020,205028.17,206274.21,208257.75,203663.11
7/3/2020,205733.57,211259.54,218722.41,206876.87
7/4/2020,205733.57,211259.54,218722.41,206876.87
7/5/2020,205733.57,211259.54,218722.41,206876.87
7/6/2020,206970.56,214356.03,220949.07,208453.90
7/7/2020,207722.25,219041.06,225070.91,213958.23
7/8/2020,208216.75,224614.55,232877.00,218106.61
7/9/2020,211675.01,220036.49,230465.38,212988.23
7/10/2020,214006.51,224664.80,228948.00,219304.00
7/11/2020,214006.51,224664.80,228948.00,219304.00
7/12/2020,214006.51,224664.80,228948.00,219304.00
7/13/2020,215992.72,229332.33,236486.00,221462.48
7/14/2020,216906.43,230502.72,236486.00,224485.33
7/15/2020,219799.45,230769.71,235714.00,223478.96
7/16/2020,220983.83,233528.72,237931.00,226358.16
7/17/2020,223823.82,239365.18,249889.19,233185.14
7/18/2020,223823.82,239365.18,249889.19,233185.14
7/19/2020,223823.82,239365.18,249889.19,233185.14
7/20/2020,226660.25,241970.20,251547.05,235714.00
7/21/2020,228860.14,249016.63,259259.00,240845.06
7/22/2020,231749.70,257383.26,269758.24,244014.00
7/23/2020,237210.19,261063.43,273437.00,244014.00
7/24/2020,241970.78,265291.86,273600.00,257882.89
7/25/2020,241970.78,265291.86,273600.00,257882.89
7/26/2020,241970.78,265291.86,273600.00,257882.89
7/27/2020,241970.78,258668.61,273600.00,244018.50
7/28/2020,245056.04,255491.18,261096.70,248643.01
7/29/2020,249580.48,260092.06,268731.18,253012.40
7/30/2020,249681.55,269452.74,275222.04,262500.44
7/31/2020,258364.81,267101.88,276635.17,258746.91
8/1/2020,258364.81,267101.88,276635.17,258746.91
8/2/2020,258364.81,267101.88,276635.17,258746.91
8/3/2020,259096.09,263659.40,269385.48,257327.97
8/4/2020,262561.24,266749.46,271197.47,261652.52
8/5/2020,263070.17,274805.52,287849.95,264597.67
8/6/2020,265597.91,285106.12,300000.00,272169.66
8/7/2020,271032.22,293954.97,305261.00,282420.28
8/8/2020,271032.22,293954.97,305261.00,282420.28
8/9/2020,271032.22,293954.97,305261.00,282420.28
8/10/2020,278098.65,288575.91,296128.94,280238.97
8/11/2020,284601.27,276205.35,284926.95,267631.44
8/12/2020,284125.31,286783.88,289256.00,282836.34
8/13/2020,284003.02,300627.55,313513.00,288953.82
8/14/2020,289367.73,296503.56,306685.01,285011.84
8/15/2020,289367.73,296503.56,306685.01,285011.84
8/16/2020,289367.73,296503.56,306685.01,285011.84
8/17/2020,294657.39,286622.62,293215.73,280095.15
8/18/2020,290276.44,298140.24,306958.14,291569.77
8/19/2020,292528.13,311879.95,323148.00,302125.20
8/20/2020,296769.19,308859.17,317045.99,301186.12
8/21/2020,303538.00,307452.33,312901.60,302335.92
8/22/2020,303538.00,307452.33,312901.60,302335.92
8/23/2020,303538.00,307452.33,312901.60,302335.92
8/24/2020,305452.46,312079.98,319266.00,305852.28
8/25/2020,306257.25,316360.77,331768.45,309398.03
8/26/2020,307991.14,321801.06,341434.90,315601.53
8/27/2020,312841.76,340379.72,360825.00,327570.19
8/28/2020,316590.05,328457.71,333096.27,319034.86
8/29/2020,316590.05,328457.71,333096.27,319034.86
8/30/2020,316590.05,328457.71,333096.27,319034.86
8/31/2020,324611.70,341447.85,355961.51,328687.68
9/1/2020,327748.89,341117.60,349603.02,326654.32
9/2/2020,329553.30,341318.26,357517.54,331744.70
9/3/2020,335021.06,360079.67,380933.57,348782.03
9/4/2020,338778.05,362119.47,375628.00,349410.31
9/5/2020,338778.05,362119.47,375628.00,349410.31
9/6/2020,338778.05,362119.47,375628.00,349410.31
9/7/2020,249431.43,362138.46,375268.00,352802.54
9/8/2020,355743.31,363084.73,375268.00,354145.21
9/9/2020,358855.38,359283.97,370120.00,350553.81
9/10/2020,360514.35,362915.13,377297.00,350553.81
9/11/2020,360855.24,368638.80,381650.00,353602.10
9/12/2020,360855.24,368638.80,381650.00,353602.10
9/13/2020,360855.24,368638.80,381650.00,353602.10
9/14/2020,363164.98,372194.82,392592.00,356650.40
9/15/2020,363167.98,361104.77,379347.00,335312.34
9/16/2020,365927.07,365207.23,384153.00,344457.22
9/17/2020,366226.76,374043.19,397727.00,347505.52
9/18/2020,369326.47,380408.15,402298.00,355634.30
9/19/2020,369326.47,380408.15,402298.00,355634.30
9/20/2020,369326.47,380408.15,402298.00,355634.30
9/21/2020,374236.25,389162.91,415676.00,355634.30
9/22/2020,375312.20,394299.07,415676.00,362746.99
9/23/2020,386868.14,402866.77,428396.00,373416.02
9/24/2020,392128.50,417004.46,443037.00,392213.83
9/25/2020,399396.54,435011.59,460526.00,416249.59
9/26/2020,399396.54,435011.59,460526.00,416249.59
9/27/2020,399396.54,435011.59,460526.00,416249.59
9/28/2020,414379.05,441374.92,469168.00,423972.62
9/29/2020,421193.87,444287.34,469168.00,425836.28
9/30/2020,430670.16,438314.04,460525.00,423706.26
10/1/2020,436677.45,444497.76,466666.00,425836.28
10/2/2020,437056.84,445046.79,466666.00,428772.86
10/3/2020,437056.84,445046.79,466666.00,428772.86
10/4/2020,437056.84,445046.79,466666.00,428772.86
10/5/2020,438551.60,440241.95,460823.23,424045.61
10/6/2020,437770.22,439471.62,454545.00,423751.55
10/7/2020,440722.84,443582.90,458970.00,430481.60
10/8/2020,441688.40,456525.86,474324.00,435873.99
10/9/2020,450104.48,456557.13,474324.00,438035.89
10/10/2020,450104.48,456557.13,474324.00,438035.89
10/11/2020,450104.48,456557.13,474324.00,438035.89
10/12/2020,452306.13,452033.34,474324.00,435564.92
10/13/2020,452306.11,447703.46,468000.00,429980.67
10/14/2020,452892.85,441997.38,468000.00,424800.18
10/15/2020,450719.56,446787.56,471230.00,431016.77
10/16/2020,450854.14,455564.70,485670.00,435626.78
10/17/2020,450854.14,455564.70,485670.00,435626.78
10/18/2020,450854.14,455564.70,485670.00,435626.78
10/19/2020,452844.15,457582.22,493790.00,428998.95
10/20/2020,455306.54,448786.47,468790.00,431016.77
10/21/2020,456920.33,447123.45,472870.00,427082.32
10/22/2020,457242.12,458167.76,480780.00,442413.85
10/23/2020,459954.39,467713.38,487965.00,445522.14
10/24/2020,459954.39,467713.38,487965.00,445522.14
10/25/2020,459954.39,467713.38,487965.00,445522.14
10/26/2020,462415.97,476092.85,505670.00,454847.02
10/27/2020,464291.48,483695.24,527500.00,459752.22
10/28/2020,471188.80,500239.85,527500.00,469352.39
10/29/2020,488217.00,522361.86,542078.28,496290.94
10/30/2020,506541.78,520819.91,543890.00,491625.46
10/31/2020,506541.78,520819.91,543890.00,491625.46
11/1/2020,506541.78,520819.91,543890.00,491625.46
11/2/2020,519082.41,505220.19,534692.10,475037.68
11/3/2020,515919.26,514608.94,527976.00,497479.51
11/4/2020,517231.57,524408.70,556645.00,504224.21
11/5/2020,518286.92,533524.21,566780.00,503234.34
11/6/2020,527480.30,528626.45,566780.00,502752.48
11/7/2020,527480.30,528626.45,566780.00,502752.48
11/8/2020,527480.30,528626.45,566780.00,502752.48
11/9/2020,535345.98,542255.80,577960.00,519213.34
11/10/2020,535719.25,567295.42,608760.00,545287.76
11/11/2020,548442.84,613077.63,666666.00,574201.57
11/12/2020,571622.16,666137.13,733750.00,616143.98
11/13/2020,607475.82,691680.82,743867.00,643321.45
11/14/2020,607475.82,691680.82,743867.00,643321.45
11/15/2020,607475.82,691680.82,743867.00,643321.45
11/16/2020,646322.88,671855.93,720458.00,628779.95
11/17/2020,666713.21,674943.50,720458.00,640180.31
11/18/2020,670975.43,703085.67,764900.00,673111.20
11/19/2020,681155.94,773452.59,863345.00,725087.87
11/20/2020,710701.52,855871.44,935890.00,782744.39
11/21/2020,710701.52,855871.44,935890.00,782744.39
11/22/2020,710701.52,855871.44,935890.00,782744.39
11/23/2020,782025.16,967349.16,1060000.00,880769.19
11/24/2020,782025.16,934430.44,1010242.78,877324.35
11/25/2020,917739.52,958847.20,994589.43,916850.69
11/26/2020,925505.89,1085529.92,1267632.00,1026823.45
11/27/2020,974184.26,1083089.87,1204023.27,997742.69
11/28/2020,974184.26,1083089.87,1204023.27,997742.69
11/29/2020,974184.26,1083089.87,1204023.27,997742.69
11/30/2020,1035887.03,1033915.17,1214053.74,967223.90
12/1/2020,1050811.98,951261.90,1050374.91,886532.92
12/2/2020,1039923.60,952068.58,999630.72,906687.18
12/3/2020,1010404.15,1070643.70,1249540.00,973631.67
12/4/2020,1029051.92,1141175.89,1305293.44,1006077.38
12/5/2020,1029051.92,1141175.89,1305293.44,1006077.38
12/6/2020,1029051.92,1141175.89,1305293.44,1006077.38
12/7/2020,1086140.72,1051516.68,1163053.07,980132.01
12/8/2020,1084295.29,1063161.04,1121794.00,1000183.00
12/9/2020,1081303.54,1091339.83,1131147.00,1045334.45
12/10/2020,1079932.21,1095888.69,1180127.63,1037813.56
12/11/2020,1084350.92,1097513.38,1135074.29,1053252.61
12/12/2020,1084350.92,1097513.38,1135074.29,1053252.61
12/13/2020,1084350.92,1097513.38,1135074.29,1053252.61
12/14/2020,1103443.69,1089252.78,1150272.95,1038337.45
12/15/2020,1103443.69,1050554.35,1226312.32,974542.50
12/16/2020,1087525.53,1001662.20,1068031.82,930383.37
12/17/2020,1075442.16,1013514.77,1095238.00,957992.82
12/18/2020,1050531.34,1076131.68,1206990.00,970454.15
12/19/2020,1050531.34,1076131.68,1206990.00,970454.15
12/20/2020,1050531.34,1076131.68,1206990.00,970454.15
12/21/2020,1062380.48,1075290.81,1192732.00,981814.59
12/22/2020,1069360.33,983852.87,1062934.54,895993.35
12/23/2020,1063464.90,946940.03,1005543.00,889321.35
12/24/2020,1063464.90,946940.03,1005543.00,889321.35
12/25/2020,1063464.90,946940.03,1005543.00,889321.35
12/26/2020,1063464.90,946940.03,1005543.00,889321.35
12/27/2020,1063464.90,946940.03,1005543.00,889321.35
12/28/2020,1037851.25,1097456.36,1187453.00,1014061.11
12/29/2020,1036631.02,1178597.96,1260532.00,1076552.61
12/30/2020,1089058.07,1027812.89,1103663.33,946457.99
12/31/2020,1089058.07,1027812.89,1103663.33,946457.99
1/1/2021,1089058.07,1027812.89,1103663.33,946457.99
1/2/2021,1089058.07,1027812.89,1103663.33,946457.99
1/3/2021,1089058.07,1027812.89,1103663.33,946457.99
1/4/2021,1107198.58,1149425.85,1265439.00,1060287.97
1/5/2021,1114769.09,1247798.00,1345876.00,1159824.12
1/6/2021,1174992.61,1361298.30,1489899.00,1257510.11
1/7/2021,1231206.11,1480281.82,1615329.00,1340483.62
1/8/2021,1317659.58,1559524.57,1690521.00,1401007.60
1/9/2021,1317659.58,1559524.57,1690521.00,1401007.60
1/10/2021,1317659.58,1559524.57,1690521.00,1401007.60
1/11/2021,1468241.15,1559949.30,1690521.00,1379375.74
1/12/2021,1468241.15,1492477.80,1610378.01,1396709.48
1/13/2021,1504750.22,1491874.82,1600401.17,1395776.89
1/14/2021,1495567.57,1542181.59,1685965.00,1407710.40
1/15/2021,1500315.97,1618865.81,1764532.00,1481795.61
1/16/2021,1500315.97,1618865.81,1764532.00,1481795.61
1/17/2021,1500315.97,1618865.81,1764532.00,1481795.61
1/18/2021,1548933.32,1587211.92,1730453.00,1480877.77
1/19/2021,1548933.32,1518865.67,1600384.35,1411063.06
1/20/2021,1555320.55,1634318.38,1790428.00,1552237.64
1/21/2021,1555320.55,1782534.19,1976880.00,1693579.91
1/22/2021,1651774.35,1792532.14,1992574.00,1644986.68
1/23/2021,1651774.35,1792532.14,1992574.00,1644986.68
1/24/2021,1651774.35,1792532.14,1992574.00,1644986.68
1/25/2021,1738761.00,1734112.24,1835975.00,1622345.54
1/26/2021,1732056.01,1828660.10,2043650.00,1726670.04
1/27/2021,1786690.26,1858040.57,2043650.00,1756385.01
1/28/2021,1823711.06,1768789.89,1875543.00,1663026.19
1/29/2021,1823627.32,1765308.38,1875543.00,1650007.64
1/30/2021,1823627.32,1765308.38,1875543.00,1650007.64
1/31/2021,1823627.32,1765308.38,1875543.00,1650007.64
2/1/2021,1821534.67,1720166.17,1791765.00,1627891.32
2/2/2021,1805260.65,1771695.89,1852277.00,1641864.93
2/3/2021,1790207.35,1811388.87,1962867.00,1684065.50
2/4/2021,1789925.21,1861016.04,2004530.00,1725767.47
2/5/2021,1828405.50,1790271.69,1920903.00,1672411.94
2/6/2021,1828405.50,1790271.69,1920903.00,1672411.94
2/7/2021,1828405.50,1790271.69,1920903.00,1672411.94
2/8/2021,1837423.46,1762564.59,1868131.00,1598345.73
2/9/2021,1812462.92,1700438.27,1808510.00,1593634.31
2/10/2021,1803816.62,1734464.41,1801543.00,1654377.63
2/11/2021,1788247.08,1704190.28,1792429.00,1593166.17
2/12/2021,1768156.57,1672968.69,1792429.00,1563535.12
2/13/2021,1768156.57,1672968.69,1792429.00,1563535.12
2/14/2021,1768156.57,1672968.69,1792429.00,1563535.12
2/15/2021,1728295.98,1720185.27,1841430.00,1646731.96
2/16/2021,1728295.98,1738054.00,1841430.00,1650438.23
2/17/2021,1728295.98,1677658.98,1787765.00,1591655.86
2/18/2021,1721287.10,1762182.36,1830327.00,1674633.82
2/19/2021,1720426.05,1800364.32,1910650.00,1677895.68
2/20/2021,1720426.05,1800364.32,1910650.00,1677895.68
2/21/2021,1720426.05,1800364.32,1910650.00,1677895.68
2/22/2021,1757608.78,1872718.57,1988432.00,1781711.08
2/23/2021,1803699.72,1903122.54,1988432.00,1804207.54
2/24/2021,1803699.72,1932752.19,2003310.35,1832064.66
2/25/2021,1872651.38,1850466.34,1920076.79,1777670.27
2/26/2021,1871361.13,1890917.02,1949654.00,1836455.26
2/27/2021,1871361.13,1890917.02,1949654.00,1836455.26
2/28/2021,1871361.13,1890917.02,1949654.00,1836455.26
3/1/2021,1865613.89,1822661.64,1901650.00,1720672.27
3/2/2021,1865858.00,1877696.02,1969621.00,1821266.77
3/3/2021,1863252.02,1853330.11,1969621.00,1764182.86
3/4/2021,1865046.29,1895903.92,1969621.00,1816321.95
3/5/2021,1874605.36,1891597.11,1969621.00,1814868.95
3/6/2021,1874605.36,1891597.11,1969621.00,1814868.95
3/7/2021,1874605.36,1891597.11,1969621.00,1814868.95
3/8/2021,1889184.91,1890676.83,1969621.00,1825211.20
3/9/2021,1888035.85,1881516.98,1969621.00,1795936.42
3/10/2021,1881868.74,1861051.58,1912320.00,1790756.00
3/11/2021,1874468.12,1839292.79,1889308.00,1781737.70
3/12/2021,1858754.10,1834093.99,1889308.00,1782231.69
3/13/2021,1858754.10,1834093.99,1889308.00,1782231.69
3/14/2021,1858754.10,1834093.99,1889308.00,1782231.69
3/15/2021,1848567.57,1830839.11,1864332.00,1785386.52
3/16/2021,1827284.79,1852485.02,1935616.00,1778958.28
3/17/2021,1822320.28,1811680.92,1859853.20,1748936.81
3/18/2021,1804479.66,1812148.50,1839340.00,1759644.31
3/19/2021,1804994.46,1847538.86,1893789.00,1815317.07
3/20/2021,1804994.46,1847538.86,1893789.00,1815317.07
3/21/2021,1804994.46,1847538.86,1893789.00,1815317.07
3/22/2021,1804994.46,1856042.32,1893789.00,1819734.64
3/23/2021,1821810.81,1865403.36,1909938.19,1817372.57
3/24/2021,1827910.57,1876442.82,1894557.24,1842341.91
3/25/2021,1845928.66,1907399.88,1928555.72,1880732.81
3/26/2021,1852972.12,1931439.15,1997639.36,1876503.00
3/27/2021,1852972.12,1931439.15,1997639.36,1876503.00
3/28/2021,1852972.12,1931439.15,1997639.36,1876503.00
3/29/2021,1890076.74,1971531.94,2070339.00,1899333.24
3/30/2021,1931176.19,2014514.98,2117979.00,1936007.92
3/31/2021,1968064.23,2110430.60,2175532.00,2027740.48
4/1/2021,1987184.75,2161933.56,2266308.00,2079238.64
4/2/2021,1987184.75,2161933.56,2266308.00,2079238.64
4/3/2021,1987184.75,2093843.55,2210650.00,2010203.24
4/4/2021,1987184.75,2093843.55,2210650.00,2010203.24
4/5/2021,1987184.75,2093843.55,2210650.00,2010203.24
4/6/2021,2070854.97,2103235.49,2210650.00,2040008.44
4/7/2021,2078720.57,2161250.97,2247541.00,2106100.10
4/8/2021,2109981.40,2250296.47,2359532.00,2174398.25
4/9/2021,2142514.41,2304641.42,2439609.00,2225746.56
4/10/2021,2142514.41,2304641.42,2439609.00,2225746.56
4/11/2021,2142514.41,2304641.42,2439609.00,2225746.56
4/12/2021,2235823.81,2347748.35,2439609.00,2257993.15
4/13/2021,2290488.29,2364088.53,2491509.00,2247309.00
4/14/2021,2334983.55,2415375.34,2569437.00,2319911.01
4/15/2021,2315163.02,2487100.17,2633652.00,2377249.43
4/16/2021,2381793.65,2455059.74,2602704.00,2324365.29
4/17/2021,2381793.65,2455059.74,2602704.00,2324365.29
4/18/2021,2381793.65,2455059.74,2602704.00,2324365.29
4/19/2021,2363585.21,2524604.57,2649902.00,2481168.88
4/20/2021,2363585.21,2533784.41,2649902.00,2458903.16
4/21/2021,2467460.70,2560362.67,2649902.00,2481835.45
4/22/2021,2518331.48,2646344.08,2733220.00,2565533.69
4/23/2021,2506329.91,2787663.64,2865457.10,2702770.05
4/24/2021,2506329.91,2787663.64,2865457.10,2702770.05
4/25/2021,2506329.91,2787663.64,2865457.10,2702770.05
4/26/2021,2647851.66,2741675.94,2808650.00,2664562.81
4/27/2021,2721326.12,2732307.69,2808650.00,2655232.54
4/28/2021,2688830.39,2799099.79,2884630.00,2695136.78
4/29/2021,2724717.52,2886276.71,3030761.00,2769862.62
4/30/2021,2746151.81,2770844.85,2987776.00,2612414.30
5/1/2021,2746151.81,2770844.85,2987776.00,2612414.30
5/2/2021,2746151.81,2770844.85,2987776.00,2612414.30
5/3/2021,2822874.48,2848211.06,3013731.00,2727770.75
5/4/2021,2796868.81,2868908.36,3024500.45,2733386.32
5/5/2021,2840459.11,2873860.61,3013713.00,2714682.56
5/6/2021,2866324.52,2835156.71,2988432.00,2720245.04
5/7/2021,2861988.42,2774535.38,2960670.00,2635747.20
5/8/2021,2861988.42,2774535.38,2960670.00,2635747.20
5/9/2021,2861988.42,2774535.38,2960670.00,2635747.20
5/10/2021,2847609.43,2751643.01,2890480.00,2624481.38
5/11/2021,2836569.64,2810397.09,2940739.20,2688838.33
5/12/2021,2824879.83,2873956.30,2995741.00,2770346.72
5/13/2021,2835035.07,3021338.41,3143760.00,2885081.66
5/14/2021,2909844.36,2916071.34,3011890.00,2747663.76
5/15/2021,2909844.36,2916071.34,3011890.00,2747663.76
5/16/2021,2909844.36,2916071.34,3011890.00,2747663.76
5/17/2021,2966678.96,2940591.38,3007524.73,2783226.72
5/18/2021,2931949.40,2987959.21,3079527.96,2940276.33
5/19/2021,2954844.36,3055252.30,3171890.00,2863856.00
5/20/2021,3026929.27,3122410.80,3199210.66,2986344.05
5/21/2021,3050025.84,3115347.30,3161877.00,3052307.39
5/22/2021,3050025.84,3115347.30,3161877.00,3052307.39
5/23/2021,3050025.84,3115347.30,3161877.00,3052307.39
5/24/2021,3045129.91,3082183.09,3161877.00,2963254.02
5/25/2021,3045129.91,3091251.83,3184871.68,3013839.79
5/26/2021,3055550.00,3055214.37,3110642.00,2990834.89
5/27/2021,3070282.83,3130638.80,3220789.00,3047299.98
5/28/2021,3066706.03,3166544.31,3220789.00,3114164.50
5/29/2021,3066706.03,3166544.31,3220789.00,3114164.50
5/30/2021,3066706.03,3166544.31,3220789.00,3114164.50
5/31/2021,3100864.24,3102244.89,3188786.00,3022506.81
6/1/2021,3115766.53,3071212.93,3179717.44,2964933.12
6/2/2021,3115193.41,3083698.15,3149432.00,3014997.36
6/3/2021,3097326.75,3102756.43,3196527.79,3008974.26
6/4/2021,3101194.01,3123699.85,3223360.00,3017291.65
6/5/2021,3101194.01,3123699.85,3223360.00,3017291.65
6/6/2021,3101194.01,3123699.85,3223360.00,3017291.65
6/7/2021,3113917.35,3084825.98,3223360.00,2994389.14
6/8/2021,3111041.05,3138009.50,3223360.00,3034753.15
6/9/2021,3127700.61,3109997.83,3223360.00,2981455.61
6/10/2021,3123420.19,3102925.08,3197489.00,3032875.61
6/11/2021,3133461.89,3088902.79,3176943.00,3001355.34
6/12/2021,3133461.89,3088902.79,3176943.00,3001355.34
6/13/2021,3133461.89,3088902.79,3176943.00,3001355.34
6/14/2021,3120424.41,3082821.73,3176943.00,2975607.68
6/15/2021,3120424.41,3087641.83,3191309.00,3002516.48
6/16/2021,3113042.58,3099697.12,3191309.00,3066220.89
6/17/2021,3105034.59,3137323.07,3215980.00,3086608.19
6/18/2021,3113807.18,3145298.67,3234287.31,3001745.54
6/19/2021,3113807.18,3145298.67,3234287.31,3001745.54
6/20/2021,3113807.18,3145298.67,3234287.31,3001745.54
6/21/2021,3138598.81,3167629.47,3221561.04,3045748.31
6/22/2021,3147297.13,3182571.60,3263708.93,3123584.86
6/23/2021,3178517.08,3182914.91,3236522.03,3118307.33
6/24/2021,3183413.51,3195184.51,3294472.98,3127471.95
6/25/2021,3183413.51,3246490.90,3288948.00,3190746.38
6/26/2021,3183413.51,3246490.90,3288948.00,3190746.38
6/27/2021,3183413.51,3246490.90,3288948.00,3190746.38
6/28/2021,3196903.01,3222329.68,3288948.00,3115311.13
6/29/2021,3196903.01,3201041.40,3288948.00,3048336.01
6/30/2021,3204079.52,3240408.78,3316650.78,3146404.83
7/1/2021,3220598.35,3235698.65,3303408.00,3124328.75
7/2/2021,3246320.90,3225406.29,3303408.00,3121984.51
7/3/2021,3246320.90,3225406.29,3303408.00,3121984.51
7/4/2021,3246320.90,3225406.29,3303408.00,3121984.51
7/5/2021,3241854.60,3233123.04,3287489.50,3172382.02
7/6/2021,3241854.60,3220051.61,3297656.00,3099225.83
7/7/2021,3243708.71,3243510.72,3304592.40,3164743.06
7/8/2021,3247321.97,3262363.54,3337723.00,3181582.79
7/9/2021,3260677.85,3275057.51,3339500.52,3174331.89
7/10/2021,3260677.85,3275057.51,3339500.52,3174331.89
7/11/2021,3260677.85,3275057.51,3339500.52,3174331.89
7/12/2021,3275925.39,3318055.27,3367860.00,3252512.79
7/13/2021,3291083.87,3390373.93,3505343.71,3315484.06
7/14/2021,3321657.52,3528301.36,3667239.69,3425119.54
7/15/2021,3391651.91,3658669.17,3760735.44,3555323.05
7/16/2021,3443394.73,3665450.52,3795202.43,3562861.00
7/17/2021,3443394.73,3665450.52,3795202.43,3562861.00
7/18/2021,3443394.73,3665450.52,3795202.43,3562861.00
7/19/2021,3548283.85,3678030.38,3722800.29,3633136.54
7/20/2021,3618512.21,3748017.13,3839417.90,3697560.00
